<?xml version="1.0" encoding="UTF-8"?>
<launch4jConfig>
  <dontWrapJar>false</dontWrapJar>
  <headerType>gui</headerType>
  <jar>C:\Users\AbdullahCA\Desktop\Projects\DohatecCA-Digital-Signature-Tool-2\out\artifacts\DohatecCA_Digital_Signature_Tool_2\DohatecCA-Digital-Signature-Tool-2.jar</jar>
  <outfile>C:\Users\AbdullahCA\Desktop\Projects\DohatecCA-Digital-Signature-Tool-2\out\artifacts\DohatecCA_Digital_Signature_Tool_2\DDST2.exe</outfile>
  <errTitle></errTitle>
  <cmdLine></cmdLine>
  <chdir>.</chdir>
  <priority>normal</priority>
  <downloadUrl></downloadUrl>
  <supportUrl></supportUrl>
  <stayAlive>false</stayAlive>
  <restartOnCrash>false</restartOnCrash>
  <manifest></manifest>
  <icon>C:\Users\AbdullahCA\Desktop\CA Softwares\DohatecCALogo\icon_64x64_192dpi.ico</icon>
  <jre>
    <path>%JAVA_HOME%;%PATH%</path>
    <requiresJdk>false</requiresJdk>
    <requires64Bit>false</requires64Bit>
    <minVersion></minVersion>
    <maxVersion></maxVersion>
  </jre>
  <versionInfo>
    <fileVersion>0.0.0.7</fileVersion>
    <txtFileVersion>0.0.0.7.Stable</txtFileVersion>
    <fileDescription>A desktop application from DohatecCA for applying digital signatures on pdf or image files.</fileDescription>
    <copyright>Dohatec New Media</copyright>
    <productVersion>0.0.0.7</productVersion>
    <txtProductVersion>0.0.0.7.Stable</txtProductVersion>
    <productName>DohatecCA Digital Signature Tool 2</productName>
    <companyName>Dohatec New Media</companyName>
    <internalName>DohatecCA</internalName>
    <originalFilename>DDST2.exe</originalFilename>
    <trademarks>DohatecCA</trademarks>
    <language>ENGLISH_US</language>
  </versionInfo>
  <messages>
    <startupErr>An error occurred while starting the application.</startupErr>
    <jreNotFoundErr>This application requires a Java Runtime Environment.</jreNotFoundErr>
    <jreVersionErr>This application requires a Java Runtime Environment</jreVersionErr>
    <launcherErr>The registry refers to a nonexistent Java Runtime Environment installation or the runtime is corrupted.</launcherErr>
    <instanceAlreadyExistsMsg>An application instance is already running.</instanceAlreadyExistsMsg>
  </messages>
</launch4jConfig>